"route_boulder","name","location_name","sector_name","area_name","country_code","date","type","sub_type","rating","project","tries","repeats","difficulty","perceived_hardness","comment","height","recommended","sits"
"BOULDER","70° à l'Ombre","Jean des Vignes","Jean des Vignes",,"FR","2023-07-14T12:00:00Z","rp",,"0","0","12","null","6C+",,"","null","0","null"
"ROUTE","Presidiaria","St. Llorenç de Montgai","Disblia",,"ES","2023-07-14T12:00:00Z","rp",,"0","0","null","null","6a+",,"","null","0","null"
"ROUTE","Pelae Free","Camarasa","Marcant Estil",,"ES","2023-07-14T12:00:00Z","f",,"0","0","1","null","6a+",,"","null","0","null"
"ROUTE","Espitbul","Camarasa","Marcant Estil",,"ES","2023-07-14T12:00:00Z","f",,"0","0","1","null","6b",,"","null","0","null"
"ROUTE","Dirty Rastamoon","Rochers du Castel","Castel 4",,"BE","2023-10-08T12:00:00Z","rp",,"4","0","3","null","7a",,"","null","0","null"
"BOULDER","Momo Auf Dem Mond sit","Avalonia","Momos Amphitheater",,"DE","2024-02-25T12:00:00Z","rp",,"0","0","2","null","7A",,"","null","0","null"
"BOULDER","Orange Mecanique","Avalonia","Galerie",,"DE","2024-02-25T12:00:00Z","rp",,"0","0","2","null","6B",,"","null","0","null"
"BOULDER","Des Sammlers Beute","Avalonia","Kirschblütental",,"DE","2024-02-25T12:00:00Z","f",,"0","0","1","null","5A",,"","null","0","null"
"BOULDER","Gândeste","Avalonia","Momos Amphitheater",,"DE","2024-02-25T12:00:00Z","rp",,"0","0","2","null","7A+",,"","null","0","null"
"BOULDER","Hilavitkutins-Stundenblume","Avalonia","Momos Amphitheater",,"DE","2024-02-26T12:00:00Z","rp",,"0","0","0","null","6C",,"","null","0","null"
"BOULDER","El Reloj de Arena","Albarracín","Arrastradero",,"ES","2024-04-08T12:00:00Z","rp",,"3","0","3","null","6C+",,,"4","0","null"
"BOULDER","Regletómetro","Albarracín","Techos",,"ES","2024-04-10T12:00:00Z","rp","","4","0","2","null","6C",,,"4","0","null"
"BOULDER","Plan B","Albarracín","Techos",,"ES","2024-04-10T12:00:00Z","rp",,"4","0","5","null","7A",,"","null","0","null"
"BOULDER","Albarracintrippin","Albarracín","Valle de la Madera",,"ES","2024-04-15T12:00:00Z","rp",,"0","0","2","null","6B",,"","null","0","null"
"BOULDER","La epopeya","Albarracín","La Fuente",,"ES","2024-04-15T12:00:00Z","rp",,"4","0","3","null","7A",,"","null","0","null"
"BOULDER","Ophelia","Albarracín","Valle de la Madera",,"ES","2024-04-15T12:00:00Z","f",,"0","0","1","null","6B",,"","null","0","null"
"BOULDER","Parapluie (assis)","95.2","95.2",,"FR","2024-04-20T12:00:00Z","rp",,"4","0","5","null","7A",,"","null","0","null"
"BOULDER","Tim Tim","95.2","95.2",,"FR","2024-04-20T12:00:00Z","rp",,"4","0","3","null","7A",,"","null","0","null"
"BOULDER","Coupe du monde","Beauvais Nainville","Beauvais Nainville",,"FR","2024-04-20T12:00:00Z","f",,"3","0","1","null","6C",,"Just the mantle, easy","null","0","null"
"ROUTE","Dead Man","Cavallers","El Antro",,"ES","2024-08-15T12:00:00Z","rp",,"null","0","2","null","6b",,,"10","0","null"
"ROUTE","Chapa Jom","Cavallers","Placa Xalmet",,"ES","2024-08-15T12:00:00Z","f","","null","0","1","null","6a+",,,"35","0","null"
"ROUTE","Examinator","Cavallers","Plaka Tuka",,"ES","2024-08-15T12:00:00Z","os","","null","0","1","null","6c",,,"20","0","null"
"ROUTE","Encanto de Canto","Cavallers","Plaka Tuka",,"ES","2024-08-15T12:00:00Z","os","","null","0","1","null","6a",,,"20","0","null"
"ROUTE","El Pelut","Cavallers","El Antro",,"ES","2024-08-16T12:00:00Z","os","","null","0","1","null","6c",,,"15","0","null"
"ROUTE","N.N. 23 (roca verde 3)","Urdón","Urdón",,"ES","2024-08-26T12:00:00Z","f",,"0","0","1","null","6a",,"","null","0","null"
"ROUTE","El pájaro momificado","Urdón","Urdón derecha",,"ES","2024-08-26T12:00:00Z","f","","null","0","1","null","6a+",,,"35","0","null"
"ROUTE","Camino del viento","Cicera","Cicera",,"ES","2024-08-27T12:00:00Z","f",,"0","0","1","null","6b+",,"","null","0","null"
"ROUTE","N.N. 5 (roca verde 3)","Urdón","Urdón",,"ES","2024-08-30T12:00:00Z","rp",,"5","0","3","null","7a+",,"","null","0","null"
"ROUTE","Dolça despedida","Sant Llorenç del Munt","El Diafragma",,"ES","2024-10-20T12:00:00Z","rp",,"5","0","2","null","6c+",,"","null","0","null"
"ROUTE","Restes de sèrie","Sant Llorenç del Munt","Can Robert",,"ES","2024-10-22T12:00:00Z","rp",,"5","0","3","null","7a",,"","null","0","null"
"ROUTE","Panceta","Àger","Barranc de Grillons",,"ES","2024-12-25T12:00:00Z","os","","4","0","1","null","6b+",,,"22","0","null"
"ROUTE","A Ne Pas Rater","Àger","Barranc de Grillons",,"ES","2024-12-25T12:00:00Z","os","","5","0","1","null","6b+",,,"35","0","null"
"ROUTE","Manila","Àger","Barranc de Grillons",,"ES","2024-12-25T12:00:00Z","rp",,"4","0","3","null","7a",,,"18","0","null"
"ROUTE","Papada","Àger","Barranc de Grillons",,"ES","2024-12-25T12:00:00Z","f","","null","0","1","null","6b+",,,"33","0","null"
"ROUTE","Diedre Brulé","Bauma de Can Solà","Enfront de la Bauma",,"ES","2025-01-09T12:00:00Z","os",,"0","0","1","null","6b+",,"","null","0","null"
"ROUTE","Diedre de la Lucia","Bauma de Can Solà","Enfront de la Bauma",,"ES","2025-01-09T12:00:00Z","os",,"3","0","1","null","6a+",,"","null","0","null"
"ROUTE","Zaska in your face","Bauma de Can Solà","Enfront de la Bauma",,"ES","2025-01-15T12:00:00Z","rp",,"0","0","3","null","7a",,"","null","0","null"
"ROUTE","Johnny Boter","El Vermell del Xincarró","El Vermell del Xincarró Dreta",,"ES","2025-01-26T12:00:00Z","os",,"0","0","1","null","6c+",,"","null","0","null"
"ROUTE","Curtica no era Tant","El Dard","El Dard (left)",,"ES","2025-04-12T12:00:00Z","rp",,"4","0","2","null","6a",,,"18","0","null"
"ROUTE","No ens Atossiguis","El Dard","El Dard (left)",,"ES","2025-04-13T12:00:00Z","f","","4","0","1","null","6a+",,,"22","0","null"
"ROUTE","Taraf!","Racó de L’Emanuelle","Racó de L’Emmanuelle",,"ES","2025-04-13T12:00:00Z","f","","5","0","1","null","6b",,,"28","0","null"
"ROUTE","Eh, Manuel!","Racó de L’Emanuelle","Racó de L’Emmanuelle",,"ES","2025-04-13T12:00:00Z","f","","4","0","1","null","6c",,,"28","0","null"
"ROUTE","Epicondilitis","Camarasa","El Túnel (L' Aiguabarreig)",,"ES","2025-04-15T12:00:00Z","rp",,"4","0","0","null","6c",,"","null","0","null"
"ROUTE","El Protestant","Camarasa","El Túnel (L' Aiguabarreig)",,"ES","2025-04-15T12:00:00Z","os",,"4","0","1","null","6b",,"","null","0","null"
"ROUTE","Per Lluir s'ha de Patir","Camarasa","El Túnel (L' Aiguabarreig)",,"ES","2025-04-15T12:00:00Z","f",,"4","0","1","null","6a+",,"","null","0","null"
"ROUTE","Ultima Thule","Camarasa","El Túnel (L' Aiguabarreig)",,"ES","2025-04-15T12:00:00Z","rp",,"3","0","0","null","6c+",,"","null","0","null"
"ROUTE","Via Roco Punt Extrem (L1)","Camarasa","El Túnel (L' Aiguabarreig)",,"ES","2025-04-15T12:00:00Z","os",,"1","0","1","null","6b+",,"Bad","null","0","null"
"ROUTE","Alternativa","Sant Benet","L' Elefant",,"ES","2025-04-26T12:00:00Z","rp",,"0","0","2","null","6c+",,"","null","0","null"
"ROUTE","Marina","El Cremat","El Cremat",,"ES","2025-04-26T12:00:00Z","os","","null","0","1","null","6b",,,"18","0","null"
"ROUTE","Losi","Prohibitivo","Prohibitivo",,"ES","2025-06-08T12:00:00Z","os",,"4","0","1","null","6a+",,"","null","0","null"
"ROUTE","Desperta ferro","Prohibitivo","Prohibitivo",,"ES","2025-06-08T12:00:00Z","rp",,"4","0","2","null","6b+",,"","null","0","null"
"ROUTE","Never Trashy","Camarasa","Kuestelon la France",,"ES","2025-06-11T12:00:00Z","rp",,"3","0","3","null","7a+",,,"15","0","null"
"ROUTE","Noemí","Campo","Viaducto",,"ES","2025-07-13T12:00:00Z","rp",,"5","0","2","null","6b+",,"","null","0","null"
"ROUTE","Lo cortés no sika lo valiente","Campo","Viaducto",,"ES","2025-07-13T12:00:00Z","rp",,"0","0","2","null","6c",,"","null","0","null"
"ROUTE","Presidiari","St. Llorenç de Montgai","Disblia",,"ES","2025-08-27T12:00:00Z","rp",,"4","0","0","null","6c",,"","null","0","null"
"ROUTE","J.G.B. 15.10.17","Prohibitivo","Prohibitivo",,"ES","2025-09-07T12:00:00Z","rp",,"4","0","4","null","7a+",,"","null","0","null"
"ROUTE","Kill Bill","Prohibitivo","Prohibitivo",,"ES","2025-09-11T12:00:00Z","rp",,"4","0","2","null","7a+",,"","null","0","null"
"ROUTE","El mehir","Prohibitivo","Prohibitivo",,"ES","2025-09-20T12:00:00Z","rp",,"0","0","3","null","7a",,"","null","0","null"
"BOULDER","Caja de pandora","Mont-roig del camp","Caja de pandora",,"ES","2025-10-24T12:00:00Z","f",,"0","0","1","null","6B",,"","null","0","null"
"BOULDER","Atog extension","Mont-roig del camp","Caja de pandora",,"ES","2025-10-24T12:00:00Z","rp",,"0","0","3","null","6C+",,"","null","0","null"
"ROUTE","Pop ràpid","Raco de l'heura","Unknown Sector",,"ES","2025-11-02T12:00:00Z","f",,"4","0","1","null","6c",,"","null","0","null"
"BOULDER","Varanito","Albarracín","Arrastradero",,"ES","2025-11-15T12:00:00Z","rp",,"2","0","3","null","7A",,"","4","0","null"
"BOULDER","Techo de Menos","Albarracín","Arrastradero",,"ES","2025-11-15T12:00:00Z","rp",,"4","0","2","null","6C",,"","4","0","null"
"BOULDER","Sopa de ñapas","Albarracín","Techos",,"ES","2025-11-16T12:00:00Z","f",,"2","0","1","null","7A",,"","null","0","null"
"ROUTE","Game of Thorns","Camarasa","La Cova de L’Escaleta",,"ES","2025-12-07T12:00:00Z","os","","4","0","1","null","6b",,,"35","0","null"
"ROUTE","Pere Fluix","El Vermell del Xincarró","El Vermell del Xincarró Dreta",,"ES","2025-12-13T12:00:00Z","f",,"3","0","1","null","6c+",,"","null","0","null"
"ROUTE","El Iaio Iaio","El Vermell del Xincarró","El Vermell del Xincarró Esquerra",,"ES","2025-12-13T12:00:00Z","rp",,"5","0","5","null","7b",,"","null","0","null"
"ROUTE","Apache exprés","Collbató","Segon Pis - Dreta / Totxo de l' Embolic",,"ES","2026-01-25T12:00:00Z","rp",,"0","0","1","null","6b",,"","null","0","null"
"ROUTE","Juga Jet Set","Cubells","Placa Gran",,"ES","2026-02-08T12:00:00Z","rp",,"5","0","3","null","7a",,,"15","0","null"
"ROUTE","La teoria de la vaca","Collbató","Segon Pis - Esquerra",,"ES","2026-02-14T12:00:00Z","os",,"3","0","1","null","6b",,"","null","0","null"
"ROUTE","Orlando Zapata","Collbató","Unknown Sector",,"ES","2026-02-14T12:00:00Z","rp",,"4","0","3","null","7a",,"","null","0","null"
"ROUTE","Tris Tras","Collbató","Unknown Sector",,"ES","2026-02-14T12:00:00Z","os",,"3","0","1","null","6c",,"","null","0","null"
"ROUTE","Hola Lola","Collbató","Unknown Sector",,"ES","2026-02-14T12:00:00Z","os",,"4","0","1","null","6b+",,"","null","0","null"
"ROUTE","xusco bolinguero","Clot del Boixar","Unknown Sector",,"ES","2026-02-15T12:00:00Z","f",,"3","0","1","null","6b+",,"","null","0","null"
"ROUTE","El Churrifactor","Sector Soledad","Sector Soledad",,"ES","2026-02-21T12:00:00Z","rp",,"4","0","2","null","6b+",,"","null","0","null"
"ROUTE","Astènia","Sant Llorenç del Munt","El Diafragma",,"ES","2026-02-28T12:00:00Z","rp",,"4","0","2","null","6b+",,"","null","0","null"
"ROUTE","Inòpia","Sant Llorenç del Munt","El Diafragma",,"ES","2026-02-28T12:00:00Z","rp",,"4","0","2","null","6c",,"","null","0","null"
"BOULDER","El del medio de los primos","Alcañiz","Anfibio",,"ES","2026-03-15T12:00:00Z","rp",,"3","0","3","null","7A",,"","null","0","null"
"BOULDER","La cabra que no voló","Alcañiz","Unknown Sector",,"ES","2026-03-15T12:00:00Z","rp",,"4","0","3","null","7A+",,"","null","0","null"
"ROUTE","Guti Gutae Gutum","El Vermell del Xincarró","Unknown Sector",,"ES","2026-03-22T12:00:00Z","f",,"3","0","1","null","6a",,"","null","0","null"
"ROUTE","Top B-3","El Vermell del Xincarró","Unknown Sector",,"ES","2026-03-22T12:00:00Z","rp",,"3","0","2","null","6b",,"","null","0","null"
"ROUTE","Johnny Juerga y los que Remontan el Pisuerga","El Vermell del Xincarró","El Vermell del Xincarró Dreta",,"ES","2026-03-22T12:00:00Z","os",,"3","0","1","null","6a",,"","null","0","null"
"ROUTE","La hora del té","Peña del reloj","Peña del reloj",,"ES","2026-04-02T12:00:00Z","rp",,"5","0","2","null","6b+",,"","null","0","null"
"ROUTE","Reloj and roll","Peña del reloj","Peña del reloj",,"ES","2026-04-02T12:00:00Z","f",,"5","0","1","null","6b",,"","null","0","null"
"ROUTE","Llegar y besar el santo","Frailecico","Frailecico",,"ES","2026-04-03T12:00:00Z","go",,"4","0","1","null","7a+",,"","null","0","null"
"ROUTE","Placa o plomo","Frailecico","Frailecico",,"ES","2026-04-05T12:00:00Z","rp",,"5","0","2","null","7a",,"","null","0","null"
"BOULDER","gollum fissurer","Savassona","Gollum",,"ES","2026-04-19T12:00:00Z","rp",,"3","0","3","null","6B+",,"","null","0","null"
"ROUTE","Blocatge Salvatge","Camarasa","La Blanca",,"ES","2026-05-10T12:00:00Z","os","","4","0","1","null","7a",,,"22","0","null"
"ROUTE","N.N. (Dreta el fugitiu)","Secretivo Marcelino","Secretivo Marcelino",,"ES","2026-05-29T12:00:00Z","rp",,"3","0","2","null","7a",,"","null","0","null"
"ROUTE","Traficante de ilusiones","Prohibitivo","Prohibitivo",,"ES","2026-06-12T12:00:00Z","rp",,"3","0","3","null","7a",,"","null","0","null"
"ROUTE","El sostre del món","Prohibitivo","Prohibitivo",,"ES","2026-06-14T12:00:00Z","rp",,"4","0","2","null","7a+",,"","null","0","null"
"ROUTE","Felicidad para el Muñeco","Cavallers","Pared Inerte",,"ES","2026-06-25T12:00:00Z","rp","","5","0","2","0","6c+",,,"27","0","null"
"ROUTE","Póntelo","Cavallers","El Antro",,"ES","2026-06-26T12:00:00Z","rp",,"3","0","2","null","6c",,,"25","0","null"
"ROUTE","El Negro del Diedro","Cavallers","Afrikan Wall",,"ES","2026-06-26T12:00:00Z","f","","4","0","1","null","6a+",,,"30","0","null"
"ROUTE","amores perros","Cavallers","El Elefantito",,"ES","2026-06-27T12:00:00Z","f",,"3","0","1","null","6b+",,"","null","0","null"
"ROUTE","Mini crack","Cavallers","El Elefantito",,"ES","2026-06-28T12:00:00Z","go",,"4","0","1","null","6c",,"","null","0","null"
"ROUTE","Katanga","Cavallers","Afrikan Wall",,"ES","2026-06-28T12:00:00Z","f","","4","0","1","null","5b",,,"25","0","null"
"ROUTE","Cantos Rodaos","Cavallers","El Antro",,"ES","2026-06-28T12:00:00Z","rp",,"4","0","3","null","7a",,,"25","0","null"
"ROUTE","Titanium","Gombrèn","Castell de les Dames - A dalt",,"ES","2026-07-05T12:00:00Z","f",,"3","0","1","null","6b",,"","null","0","null"
"ROUTE","King Lolo","Gombrèn","Castell de les Dames - A dalt",,"ES","2026-07-05T12:00:00Z","f",,"3","0","1","null","6b",,"","null","0","null"
"ROUTE","Diedre Sàhara L1","Escales","La cova de la vella",,"ES","2026-07-11T12:00:00Z","os",,"3","0","1","null","5c",,"","null","0","null"
"ROUTE","Slovak Direct","Escales","La cova de la vella",,"ES","2026-07-11T12:00:00Z","os",,"4","0","1","null","6c",,"","null","0","null"
"ROUTE","Esquivamossos","Escales","La cova de la vella",,"ES","2026-07-11T12:00:00Z","os",,"4","0","1","null","6c",,"","null","0","null"
"ROUTE","Del poble","Monistrol de Calders","L'Estoviada",,"ES","2026-07-18T12:00:00Z","os",,"3","0","1","null","6a+",,"","null","0","null"
"ROUTE","Boca bruta","Monistrol de Calders","L'Estoviada",,"ES","2026-07-18T12:00:00Z","rp",,"3","0","2","null","6b+",,"","null","0","null"
"ROUTE","El Preky","Prohibitivo","Prohibitivo",,"ES","2026-08-05T12:00:00Z","f",,"3","0","1","null","6b+",,"","null","0","null"
"ROUTE","Aimfliping","Tres Ponts","La Fontanella",,"ES","2026-08-09T12:00:00Z","f",,"4","0","1","null","6b+",,"","null","0","null"
"ROUTE","Contaperdius","Tres Ponts","La Fontanella",,"ES","2026-08-09T12:00:00Z","f",,"4","0","1","null","6c",,"","null","0","null"
"ROUTE","Tomas, el poli friqui en el callejón","Bagergue","Duro de pelar",,"ES","2026-08-17T12:00:00Z","rp",,"4","0","3","null","7a",,"","null","0","null"
"ROUTE","Fisura de l'Emma","Bagergue","Duro de pelar",,"ES","2026-08-17T12:00:00Z","rp",,"3","0","2","null","6b",,"","null","0","null"
"ROUTE","Era moga deth roí","Bagergue","Duro de pelar",,"ES","2026-08-19T12:00:00Z","rp",,"5","0","2","null","7a",,"","null","0","null"
"ROUTE","Medalla de oro","Bagergue","Duro de pelar",,"ES","2026-08-20T12:00:00Z","rp",,"0","0","2","null","6c",,"","null","0","null"
"ROUTE","Cau, aue ta dinar en casa","Bagergue","Duro de pelar",,"ES","2026-08-21T12:00:00Z","os",,"4","0","1","null","6b",,"","null","0","null"
"ROUTE","Ni Pa-tri ni Pa-mi","Bagergue","Duro de pelar",,"ES","2026-08-22T12:00:00Z","rp",,"3","0","2","null","7a",,"","null","0","null"
"ROUTE","Fina","Collegats","L’Argenteria",,"ES","2026-08-23T12:00:00Z","f",,"0","0","1","null","6c",,"","null","0","null"
"ROUTE","7è Cel Variant","Collegats","L’Argenteria",,"ES","2026-08-23T12:00:00Z","f",,"4","0","1","null","6b+",,"","null","0","null"
"ROUTE","Muchachada nuí","Cavallers","La china",,"ES","2026-08-31T12:00:00Z","os",,"5","0","1","null","6b+",,"","null","1","null"
"ROUTE","Vilanova de Meiá","Cavallers","La china",,"ES","2026-08-31T12:00:00Z","os",,"3","0","1","null","6a+",,"","null","0","null"
"ROUTE","Pónselo","Cavallers","El Antro",,"ES","2026-08-31T12:00:00Z","rp",,"4","0","5","null","7b",,,"35","0","null"
"ROUTE","6c+ dreta","Cavallers","Roques negres",,"ES","2026-09-11T12:00:00Z","rp",,"4","0","2","null","6c+",,"","null","0","null"
"ROUTE","dr feelgood","Cavallers","La pasteleria",,"ES","2026-09-12T12:00:00Z","os",,"0","0","1","null","6a",,"","null","0","null"
"ROUTE","flors i violes","Cavallers","La pasteleria",,"ES","2026-09-12T12:00:00Z","f",,"4","0","1","null","6a+",,"","null","0","null"
"ROUTE","Antiparkes","Cavallers","La china",,"ES","2026-09-12T12:00:00Z","os",,"0","0","1","null","6a+",,"","null","0","null"
